order_id,customer_age,category,region,payment_method,quantity,unit_price,discount_pct,rating,order_date,revenue,month,day_of_week,age_group
ORD0001,56.0,Sports,North,UPI,14.0,17.19,3.9,2.8,2023-01-01 00:00:00,231.27,January,Sunday,46-60
ORD0002,69.0,Sports,East,Debit Card,2.0,297.66,12.0,3.4,2023-01-01 17:00:00,523.88,January,Sunday,60+
ORD0003,46.0,Sports,North,Cash,13.0,92.54,27.7,3.2,2023-01-02 10:00:00,869.78,January,Monday,46-60
ORD0004,32.0,Groceries,North,Credit Card,4.0,324.86,14.2,2.4,2023-01-03 03:00:00,1114.92,January,Tuesday,26-35
ORD0005,60.0,Books,North,Cash,22.75,382.08,0.4,3.9,2023-01-03 20:00:00,8657.55,January,Tuesday,46-60
ORD0006,25.0,Clothing,North,Credit Card,3.0,255.22,8.5,4.6,2023-01-04 13:00:00,700.58,January,Wednesday,18-25
ORD0007,38.0,Groceries,East,UPI,13.0,275.76,1.3,2.8,2023-01-05 06:00:00,3538.28,January,Thursday,36-45
ORD0008,56.0,Sports,East,Cash,9.0,476.22,1.1,2.8,2023-01-05 23:00:00,4238.83,January,Thursday,46-60
ORD0009,36.0,Electronics,West,Debit Card,7.0,425.11,8.3,3.4,2023-01-06 16:00:00,2728.78,January,Friday,36-45
ORD0010,45.0,Sports,South,Credit Card,7.0,457.98,0.0,3.2,2023-01-07 09:00:00,3205.86,January,Saturday,36-45
ORD0011,28.0,Books,East,Credit Card,13.0,408.75,23.6,4.2,2023-01-08 02:00:00,4059.7,January,Sunday,26-35
ORD0012,28.0,Sports,East,Cash,13.0,63.37,29.2,2.9,2023-01-08 19:00:00,583.26,January,Sunday,26-35
ORD0013,41.0,Electronics,South,UPI,11.0,83.01,11.1,5.0,2023-01-09 12:00:00,811.75,January,Monday,36-45
ORD0014,53.0,Books,East,Cash,4.0,268.05,12.9,1.2,2023-01-10 05:00:00,933.89,January,Tuesday,46-60
ORD0015,57.0,Sports,North,UPI,2.0,130.57,25.3,1.0,2023-01-10 22:00:00,195.07,January,Tuesday,46-60
ORD0016,41.0,Books,North,UPI,14.0,243.58,8.0,3.6,2023-01-11 15:00:00,3137.31,January,Wednesday,36-45
ORD0017,20.0,Clothing,South,Credit Card,4.0,203.24,4.7,2.2,2023-01-12 08:00:00,774.75,January,Thursday,18-25
ORD0018,39.0,Clothing,West,Cash,6.0,279.21,25.6,2.0,2023-01-13 01:00:00,1246.39,January,Friday,36-45
ORD0019,-1.5,Sports,West,Cash,11.0,375.97,1.4,2.2,2023-01-13 18:00:00,4077.77,January,Friday,
ORD0020,41.0,Books,South,UPI,11.0,360.59,18.6,2.0,2023-01-14 11:00:00,3228.72,January,Saturday,36-45
ORD0021,61.0,Electronics,South,Cash,3.0,265.4,16.9,1.1,2023-01-15 04:00:00,661.64,January,Sunday,60+
ORD0022,47.0,Sports,North,Debit Card,1.0,412.97,10.4,4.9,2023-01-15 21:00:00,370.02,January,Sunday,46-60
ORD0023,55.0,Clothing,West,Debit Card,14.0,221.12,9.5,1.9,2023-01-16 14:00:00,2801.59,January,Monday,46-60
ORD0024,19.0,Clothing,East,Cash,12.0,449.39,23.2,3.9,2023-01-17 07:00:00,4141.58,January,Tuesday,18-25
ORD0025,38.0,Sports,North,Cash,8.0,44.93,2.6,4.1,2023-01-18 00:00:00,350.09,January,Wednesday,36-45
ORD0026,50.0,Books,South,UPI,12.0,477.78,7.1,4.7,2023-01-18 17:00:00,5326.29,January,Wednesday,46-60
ORD0027,29.0,Clothing,West,Debit Card,13.0,330.8,22.0,1.1,2023-01-19 10:00:00,3354.31,January,Thursday,26-35
ORD0028,39.0,Books,East,Debit Card,5.0,196.24,16.4,4.5,2023-01-20 03:00:00,820.28,January,Friday,36-45
ORD0029,61.0,Clothing,East,Credit Card,5.0,106.61,3.8,3.1,2023-01-20 20:00:00,512.79,January,Friday,60+
ORD0030,42.0,Clothing,North,UPI,11.0,244.8,26.5,3.5,2023-01-21 13:00:00,1979.21,January,Saturday,36-45
ORD0031,45.0,Groceries,West,Credit Card,4.0,105.33,0.0,2.8,2023-01-22 06:00:00,421.32,January,Sunday,36-45
ORD0032,44.0,Clothing,West,Debit Card,6.0,91.5,24.8,4.3,2023-01-22 23:00:00,412.85,January,Sunday,36-45
ORD0033,59.0,Electronics,South,UPI,3.0,312.5,23.6,2.3,2023-01-23 16:00:00,716.25,January,Monday,46-60
ORD0034,45.0,Sports,West,Cash,9.0,266.31,18.7,3.9,2023-01-24 09:00:00,1948.59,January,Tuesday,36-45
ORD0035,33.0,Sports,West,UPI,5.0,338.35,14.8,3.1,2023-01-25 02:00:00,1441.37,January,Wednesday,26-35
ORD0036,32.0,Books,North,Cash,3.0,465.51,29.4,4.2,2023-01-25 19:00:00,985.95,January,Wednesday,26-35
ORD0037,64.0,Clothing,West,Cash,11.0,270.81,4.3,5.0,2023-01-26 12:00:00,2850.82,January,Thursday,60+
ORD0038,68.0,Electronics,East,UPI,1.0,294.66,21.8,1.8,2023-01-27 05:00:00,230.42,January,Friday,60+
ORD0039,61.0,Books,North,Cash,10.0,53.92,5.7,5.0,2023-01-27 22:00:00,508.47,January,Friday,60+
ORD0040,69.0,Groceries,North,Credit Card,12.0,361.64,10.1,1.4,2023-01-28 15:00:00,3901.37,January,Saturday,60+
ORD0041,20.0,Books,South,Debit Card,6.0,205.95,9.3,1.0,2023-01-29 08:00:00,1120.78,January,Sunday,18-25
ORD0042,54.0,Books,West,Cash,2.0,488.6,28.4,1.2,2023-01-30 01:00:00,699.68,January,Monday,46-60
ORD0043,68.0,Clothing,South,Credit Card,13.0,413.36,29.0,2.4,2023-01-30 18:00:00,3815.31,January,Monday,60+
ORD0044,24.0,Groceries,East,Cash,3.0,266.02,5.5,3.5,2023-01-31 11:00:00,754.17,January,Tuesday,18-25
ORD0045,38.0,Books,North,Debit Card,1.0,70.38,0.7,1.3,2023-02-01 04:00:00,69.89,February,Wednesday,36-45
ORD0046,26.0,Electronics,North,Credit Card,9.0,431.11,21.6,1.0,2023-02-01 21:00:00,3041.91,February,Wednesday,26-35
ORD0047,56.0,Electronics,North,Debit Card,8.0,401.89,12.5,4.7,2023-02-02 14:00:00,2813.23,February,Thursday,46-60
ORD0048,35.0,Sports,East,Debit Card,12.0,100.45,2.7,4.3,2023-02-03 07:00:00,1172.85,February,Friday,26-35
ORD0049,21.0,Groceries,East,Credit Card,2.0,154.69,20.5,4.2,2023-02-04 00:00:00,245.96,February,Saturday,18-25
ORD0050,-1.5,Groceries,South,Credit Card,12.0,398.77,16.4,4.5,2023-02-04 17:00:00,4000.46,February,Saturday,
ORD0051,31.0,Sports,South,Credit Card,11.0,100.76,29.4,3.8,2023-02-05 10:00:00,782.5,February,Sunday,26-35
ORD0052,67.0,Books,South,UPI,8.0,459.7,6.8,1.4,2023-02-06 03:00:00,3427.52,February,Monday,60+
ORD0053,26.0,Groceries,West,Credit Card,12.0,218.02,12.1,2.6,2023-02-06 20:00:00,2299.67,February,Monday,26-35
ORD0054,43.0,Electronics,North,Credit Card,14.0,52.65,16.3,3.9,2023-02-07 13:00:00,616.95,February,Tuesday,36-45
ORD0055,19.0,Electronics,North,Credit Card,9.0,409.72,23.8,2.1,2023-02-08 06:00:00,2809.86,February,Wednesday,18-25
ORD0056,37.0,Clothing,South,Credit Card,1.0,193.02,16.5,3.7,2023-02-08 23:00:00,161.17,February,Wednesday,36-45
ORD0057,45.0,Groceries,North,Cash,22.75,267.98,18.4,1.1,2023-02-09 16:00:00,4974.78,February,Thursday,36-45
ORD0058,64.0,Books,South,UPI,5.0,65.03,6.8,2.2,2023-02-10 09:00:00,303.04,February,Friday,60+
ORD0059,24.0,Sports,West,Debit Card,8.0,11.27,25.4,3.2,2023-02-11 02:00:00,67.26,February,Saturday,18-25
ORD0060,61.0,Sports,West,Credit Card,11.0,322.61,12.9,3.5,2023-02-11 19:00:00,3090.93,February,Saturday,60+
ORD0061,25.0,Books,East,Cash,14.0,262.44,4.2,3.3,2023-02-12 12:00:00,3519.85,February,Sunday,18-25
ORD0062,64.0,Clothing,West,Cash,2.0,300.83,19.9,3.8,2023-02-13 05:00:00,481.93,February,Monday,60+
ORD0063,52.0,Sports,South,Cash,4.0,398.93,6.5,1.0,2023-02-13 22:00:00,1492.0,February,Monday,46-60
ORD0064,31.0,Groceries,West,Debit Card,7.0,326.84,2.9,2.8,2023-02-14 15:00:00,2221.53,February,Tuesday,26-35
ORD0065,34.0,Clothing,East,Credit Card,3.0,95.64,25.9,4.5,2023-02-15 08:00:00,212.61,February,Wednesday,26-35
ORD0066,53.0,Groceries,North,UPI,13.0,186.78,13.8,3.7,2023-02-16 01:00:00,2093.06,February,Thursday,46-60
ORD0067,67.0,Electronics,South,UPI,12.0,453.89,22.5,1.5,2023-02-16 18:00:00,4221.18,February,Thursday,60+
ORD0068,57.0,Clothing,North,Cash,5.0,387.27,8.7,4.4,2023-02-17 11:00:00,1767.89,February,Friday,46-60
ORD0069,45.0,Sports,East,Debit Card,8.0,282.75,0.0,3.2,2023-02-18 04:00:00,2262.0,February,Saturday,36-45
ORD0070,19.0,Clothing,East,Debit Card,12.0,135.27,3.4,2.9,2023-02-18 21:00:00,1568.05,February,Saturday,18-25
ORD0071,23.0,Clothing,East,Debit Card,10.0,158.01,10.7,3.1,2023-02-19 14:00:00,1411.03,February,Sunday,18-25
ORD0072,59.0,Clothing,North,UPI,3.0,368.66,29.3,3.8,2023-02-20 07:00:00,781.93,February,Monday,46-60
ORD0073,21.0,Clothing,North,Cash,4.0,427.08,23.8,3.7,2023-02-21 00:00:00,1301.74,February,Tuesday,18-25
ORD0074,45.0,Groceries,North,Credit Card,14.0,339.0,0.0,2.8,2023-02-21 17:00:00,4746.0,February,Tuesday,36-45
ORD0075,35.0,Electronics,North,UPI,9.0,406.67,10.2,4.5,2023-02-22 10:00:00,3286.71,February,Wednesday,26-35
ORD0076,43.0,Books,East,Cash,14.0,385.66,26.2,2.6,2023-02-23 03:00:00,3984.64,February,Thursday,36-45
ORD0077,45.0,Clothing,East,Cash,14.0,83.35,0.0,3.1,2023-02-23 20:00:00,1166.9,February,Thursday,36-45
ORD0078,51.0,Sports,South,Credit Card,7.0,217.73,22.8,1.6,2023-02-24 13:00:00,1176.61,February,Friday,46-60
ORD0079,27.0,Clothing,South,Credit Card,1.0,84.96,22.6,2.1,2023-02-25 06:00:00,65.76,February,Saturday,26-35
ORD0080,53.0,Sports,North,Credit Card,14.0,125.27,0.5,1.1,2023-02-25 23:00:00,1745.01,February,Saturday,46-60
ORD0081,31.0,Groceries,West,Debit Card,12.0,435.94,3.8,3.3,2023-02-26 16:00:00,5032.49,February,Sunday,26-35
ORD0082,48.0,Sports,West,Credit Card,4.0,241.72,19.8,4.4,2023-02-27 09:00:00,775.44,February,Monday,46-60
ORD0083,65.0,Books,East,Cash,4.0,757.03,4.8,3.2,2023-02-28 02:00:00,2882.77,February,Tuesday,60+
ORD0084,32.0,Electronics,East,Credit Card,9.0,97.44,7.7,1.9,2023-02-28 19:00:00,809.43,February,Tuesday,26-35
ORD0085,45.0,Sports,East,Cash,6.0,163.01,0.0,3.2,2023-03-01 12:00:00,978.06,March,Wednesday,36-45
ORD0086,31.0,Sports,South,UPI,9.0,122.82,16.8,1.9,2023-03-02 05:00:00,919.68,March,Thursday,26-35
ORD0087,40.0,Electronics,South,Debit Card,12.0,111.03,22.5,2.7,2023-03-02 22:00:00,1032.58,March,Thursday,36-45
ORD0088,57.0,Books,East,UPI,6.0,322.6,16.7,4.0,2023-03-03 15:00:00,1612.35,March,Friday,46-60
ORD0089,38.0,Clothing,East,UPI,6.0,135.87,16.6,1.8,2023-03-04 08:00:00,679.89,March,Saturday,36-45
ORD0090,33.0,Sports,East,Cash,5.0,319.69,2.8,3.9,2023-03-05 01:00:00,1553.69,March,Sunday,26-35
ORD0091,62.0,Electronics,West,UPI,5.0,38.64,10.3,4.5,2023-03-05 18:00:00,173.3,March,Sunday,60+
ORD0092,35.0,Groceries,South,Cash,2.0,79.47,8.5,2.8,2023-03-06 11:00:00,145.43,March,Monday,26-35
ORD0093,64.0,Electronics,West,Credit Card,8.0,144.52,11.7,4.3,2023-03-07 04:00:00,1020.89,March,Tuesday,60+
ORD0094,41.0,Groceries,West,Credit Card,8.0,302.55,24.0,3.2,2023-03-07 21:00:00,1839.5,March,Tuesday,36-45
ORD0095,43.0,Books,East,Cash,11.0,341.16,11.2,3.5,2023-03-08 14:00:00,3332.45,March,Wednesday,36-45
ORD0096,42.0,Clothing,East,Credit Card,13.0,226.93,13.6,3.1,2023-03-09 07:00:00,2548.88,March,Thursday,36-45
ORD0097,62.0,Electronics,North,Debit Card,22.75,228.44,11.9,2.9,2023-03-10 00:00:00,4578.57,March,Friday,60+
ORD0098,58.0,Sports,North,UPI,8.0,365.01,2.8,1.9,2023-03-10 17:00:00,2838.32,March,Friday,46-60
ORD0099,46.0,Books,West,Debit Card,5.0,17.75,13.2,2.2,2023-03-11 10:00:00,77.04,March,Saturday,46-60
ORD0100,32.0,Electronics,South,UPI,2.0,177.13,5.9,2.2,2023-03-12 03:00:00,333.36,March,Sunday,26-35
ORD0101,62.0,Sports,East,Credit Card,14.0,411.17,5.6,3.3,2023-03-12 20:00:00,5434.02,March,Sunday,60+
ORD0102,45.0,Electronics,East,Debit Card,2.0,305.58,2.8,2.9,2023-03-13 13:00:00,594.05,March,Monday,36-45
ORD0103,42.0,Groceries,West,Credit Card,14.0,175.24,10.7,4.7,2023-03-14 06:00:00,2190.85,March,Tuesday,36-45
ORD0104,24.0,Electronics,North,UPI,6.0,453.71,22.7,3.9,2023-03-14 23:00:00,2104.31,March,Tuesday,18-25
ORD0105,45.0,Electronics,South,Cash,11.0,388.59,0.0,2.9,2023-03-15 16:00:00,4274.49,March,Wednesday,36-45
ORD0106,41.0,Electronics,North,Cash,13.0,139.8,9.4,1.6,2023-03-16 09:00:00,1646.56,March,Thursday,36-45
ORD0107,18.0,Books,North,Debit Card,9.0,326.19,19.3,4.5,2023-03-17 02:00:00,2369.12,March,Friday,18-25
ORD0108,61.0,Electronics,North,Credit Card,1.0,301.92,5.9,4.3,2023-03-17 19:00:00,284.11,March,Friday,60+
ORD0109,25.0,Sports,North,Credit Card,12.0,206.58,26.9,3.9,2023-03-18 12:00:00,1812.12,March,Saturday,18-25
ORD0110,41.0,Groceries,East,Debit Card,6.0,189.81,15.6,2.1,2023-03-19 05:00:00,961.2,March,Sunday,36-45
ORD0111,28.0,Groceries,East,Cash,9.0,178.34,13.4,2.6,2023-03-19 22:00:00,1389.98,March,Sunday,26-35
ORD0112,68.0,Electronics,North,UPI,8.0,312.41,16.7,1.4,2023-03-20 15:00:00,2081.9,March,Monday,60+
ORD0113,34.0,Books,South,Debit Card,11.0,226.78,5.0,1.8,2023-03-21 08:00:00,2369.85,March,Tuesday,26-35
ORD0114,25.0,Books,West,UPI,6.0,757.03,18.4,4.1,2023-03-22 01:00:00,3706.42,March,Wednesday,18-25
ORD0115,52.0,Sports,South,Cash,3.0,338.11,10.9,3.9,2023-03-22 18:00:00,903.77,March,Wednesday,46-60
ORD0116,52.0,Electronics,South,Credit Card,8.0,44.27,26.9,3.4,2023-03-23 11:00:00,258.89,March,Thursday,46-60
ORD0117,50.0,Groceries,South,Cash,9.0,323.68,5.1,4.6,2023-03-24 04:00:00,2764.55,March,Friday,46-60
ORD0118,22.0,Books,North,Debit Card,1.0,142.86,15.2,3.3,2023-03-24 21:00:00,121.15,March,Friday,18-25
ORD0119,59.0,Electronics,East,Credit Card,12.0,300.48,17.9,2.9,2023-03-25 14:00:00,2960.33,March,Saturday,46-60
ORD0120,56.0,Books,South,Debit Card,9.0,343.26,1.0,2.4,2023-03-26 07:00:00,3058.45,March,Sunday,46-60
ORD0121,58.0,Books,North,Debit Card,14.0,123.11,10.9,4.8,2023-03-27 00:00:00,1535.67,March,Monday,46-60
ORD0122,45.0,Groceries,South,Cash,6.0,233.86,22.0,1.3,2023-03-27 17:00:00,1094.46,March,Monday,36-45
ORD0123,24.0,Clothing,South,Debit Card,6.0,103.26,24.6,4.7,2023-03-28 10:00:00,467.15,March,Tuesday,18-25
ORD0124,26.0,Sports,North,Cash,12.0,35.65,9.4,4.3,2023-03-29 03:00:00,387.59,March,Wednesday,26-35
ORD0125,45.0,Sports,East,Credit Card,4.0,195.45,0.0,3.2,2023-03-29 20:00:00,781.8,March,Wednesday,36-45
ORD0126,29.0,Groceries,East,Cash,1.0,187.84,29.0,3.3,2023-03-30 13:00:00,133.37,March,Thursday,26-35
ORD0127,51.0,Books,West,Credit Card,10.0,497.79,25.7,4.5,2023-03-31 06:00:00,3698.58,March,Friday,46-60
ORD0128,50.0,Electronics,North,Cash,8.0,228.71,3.5,3.3,2023-03-31 23:00:00,1765.64,March,Friday,46-60
ORD0129,65.0,Books,West,UPI,2.0,173.45,22.2,4.6,2023-04-01 16:00:00,269.89,April,Saturday,60+
ORD0130,40.0,Groceries,West,UPI,12.0,294.43,9.6,4.8,2023-04-02 09:00:00,3193.98,April,Sunday,36-45
ORD0131,41.0,Sports,West,Debit Card,1.0,53.5,29.7,2.7,2023-04-03 02:00:00,37.61,April,Monday,36-45
ORD0132,54.0,Books,East,Cash,2.0,481.22,14.6,2.5,2023-04-03 19:00:00,821.92,April,Monday,46-60
ORD0133,52.0,Sports,North,Cash,1.0,321.13,3.7,4.7,2023-04-04 12:00:00,309.25,April,Tuesday,46-60
ORD0134,61.0,Electronics,West,Credit Card,1.0,379.87,21.8,3.7,2023-04-05 05:00:00,297.06,April,Wednesday,60+
ORD0135,57.0,Sports,North,Debit Card,9.0,93.53,9.7,1.5,2023-04-05 22:00:00,760.12,April,Wednesday,46-60
ORD0136,39.0,Sports,North,Cash,13.0,210.64,29.9,1.2,2023-04-06 15:00:00,1919.56,April,Thursday,36-45
ORD0137,44.0,Clothing,East,Debit Card,14.0,217.12,29.4,3.3,2023-04-07 08:00:00,2146.01,April,Friday,36-45
ORD0138,52.0,Clothing,West,UPI,1.0,412.69,19.7,4.7,2023-04-08 01:00:00,331.39,April,Saturday,46-60
ORD0139,18.0,Clothing,West,Cash,13.0,10.61,3.9,4.4,2023-04-08 18:00:00,132.55,April,Saturday,18-25
ORD0140,52.0,Sports,North,Cash,22.75,157.42,20.6,3.7,2023-04-09 11:00:00,2843.56,April,Sunday,46-60
ORD0141,54.0,Groceries,South,Debit Card,10.0,490.81,2.8,1.6,2023-04-10 04:00:00,4770.67,April,Monday,46-60
ORD0142,64.0,Sports,East,Cash,6.0,242.69,0.9,2.0,2023-04-10 21:00:00,1443.03,April,Monday,60+
ORD0143,31.0,Groceries,East,Debit Card,7.0,197.44,24.7,4.5,2023-04-11 14:00:00,1040.71,April,Tuesday,26-35
ORD0144,20.0,Groceries,East,Cash,2.0,68.72,6.3,1.7,2023-04-12 07:00:00,128.78,April,Wednesday,18-25
ORD0145,18.0,Clothing,East,Credit Card,6.0,487.34,11.4,2.1,2023-04-13 00:00:00,2590.7,April,Thursday,18-25
ORD0146,22.0,Books,West,Debit Card,7.0,19.81,29.2,1.5,2023-04-13 17:00:00,98.18,April,Thursday,18-25
ORD0147,43.0,Electronics,West,Cash,10.0,371.22,10.1,3.7,2023-04-14 10:00:00,3337.27,April,Friday,36-45
ORD0148,31.0,Clothing,South,UPI,14.0,386.61,8.9,4.8,2023-04-15 03:00:00,4930.82,April,Saturday,26-35
ORD0149,56.0,Clothing,East,Cash,10.0,129.39,27.5,2.1,2023-04-15 20:00:00,938.08,April,Saturday,46-60
ORD0150,44.0,Books,East,UPI,2.0,339.06,3.3,2.9,2023-04-16 13:00:00,655.74,April,Sunday,36-45
ORD0151,26.0,Electronics,North,UPI,2.0,55.54,22.8,3.5,2023-04-17 06:00:00,85.75,April,Monday,26-35
ORD0152,32.0,Sports,West,Credit Card,10.0,135.95,29.6,5.0,2023-04-17 23:00:00,957.09,April,Monday,26-35
ORD0153,32.0,Sports,East,Debit Card,7.0,396.07,27.0,1.4,2023-04-18 16:00:00,2023.92,April,Tuesday,26-35
ORD0154,43.0,Clothing,South,Cash,12.0,433.7,19.6,3.0,2023-04-19 09:00:00,4184.34,April,Wednesday,36-45
ORD0155,59.0,Electronics,South,Credit Card,1.0,308.16,9.4,2.5,2023-04-20 02:00:00,279.19,April,Thursday,46-60
ORD0156,45.0,Clothing,West,Cash,8.0,258.35,0.0,3.1,2023-04-20 19:00:00,2066.8,April,Thursday,36-45
ORD0157,68.0,Groceries,South,UPI,11.0,88.06,24.6,2.9,2023-04-21 12:00:00,730.37,April,Friday,60+
ORD0158,49.0,Clothing,South,Debit Card,13.0,40.92,26.4,1.4,2023-04-22 05:00:00,391.52,April,Saturday,46-60
ORD0159,56.0,Clothing,West,Cash,3.0,67.65,15.8,3.5,2023-04-22 22:00:00,170.88,April,Saturday,46-60
ORD0160,66.0,Sports,East,Cash,11.0,121.41,7.3,4.1,2023-04-23 15:00:00,1238.02,April,Sunday,60+
ORD0161,69.0,Sports,East,UPI,6.0,177.42,3.4,1.0,2023-04-24 08:00:00,1028.33,April,Monday,60+
ORD0162,49.0,Sports,South,Cash,9.0,196.65,2.6,4.4,2023-04-25 01:00:00,1723.83,April,Tuesday,46-60
ORD0163,21.0,Groceries,South,Cash,6.0,179.7,21.6,1.7,2023-04-25 18:00:00,845.31,April,Tuesday,18-25
ORD0164,47.0,Sports,East,UPI,9.0,127.14,12.6,3.2,2023-04-26 11:00:00,1000.08,April,Wednesday,46-60
ORD0165,54.0,Electronics,West,Credit Card,7.0,259.76,27.2,2.7,2023-04-27 04:00:00,1323.74,April,Thursday,46-60
ORD0166,40.0,Books,South,UPI,9.0,414.39,22.2,3.9,2023-04-27 21:00:00,2901.56,April,Thursday,36-45
ORD0167,56.0,Electronics,North,Credit Card,2.0,147.05,5.7,2.5,2023-04-28 14:00:00,277.34,April,Friday,46-60
ORD0168,62.0,Electronics,West,Debit Card,12.0,471.77,18.4,4.5,2023-04-29 07:00:00,4619.57,April,Saturday,60+
ORD0169,32.0,Sports,South,Credit Card,8.0,437.93,13.1,3.9,2023-04-30 00:00:00,3044.49,April,Sunday,26-35
ORD0170,60.0,Books,South,Credit Card,8.0,89.26,17.3,3.6,2023-04-30 17:00:00,590.54,April,Sunday,46-60
ORD0171,46.0,Books,North,Debit Card,2.0,395.28,22.1,4.2,2023-05-01 10:00:00,615.85,May,Monday,46-60
ORD0172,53.0,Books,North,Credit Card,12.0,291.55,24.2,4.0,2023-05-02 03:00:00,2651.94,May,Tuesday,46-60
ORD0173,30.0,Groceries,East,UPI,14.0,287.62,25.3,1.1,2023-05-02 20:00:00,3007.93,May,Tuesday,26-35
ORD0174,49.0,Sports,West,Credit Card,4.0,201.61,7.6,3.2,2023-05-03 13:00:00,745.15,May,Wednesday,46-60
ORD0175,24.0,Books,West,Debit Card,14.0,255.56,0.9,4.7,2023-05-04 06:00:00,3545.64,May,Thursday,18-25
ORD0176,68.0,Groceries,East,UPI,11.0,204.62,22.2,1.5,2023-05-04 23:00:00,1751.14,May,Thursday,60+
ORD0177,39.0,Clothing,West,Debit Card,7.0,274.47,3.2,3.9,2023-05-05 16:00:00,1859.81,May,Friday,36-45
ORD0178,45.0,Clothing,West,Debit Card,11.0,317.7,9.4,4.9,2023-05-06 09:00:00,3166.2,May,Saturday,36-45
ORD0179,19.0,Groceries,West,Cash,4.0,757.03,0.1,1.2,2023-05-07 02:00:00,3025.09,May,Sunday,18-25
ORD0180,59.0,Groceries,West,Cash,4.0,270.92,20.5,3.7,2023-05-07 19:00:00,861.53,May,Sunday,46-60
ORD0181,62.0,Sports,West,Debit Card,6.0,363.5,5.0,2.9,2023-05-08 12:00:00,2071.95,May,Monday,60+
ORD0182,23.0,Sports,North,Debit Card,10.0,79.23,19.7,3.3,2023-05-09 05:00:00,636.22,May,Tuesday,18-25
ORD0183,45.0,Clothing,West,Debit Card,6.0,113.87,29.8,1.3,2023-05-09 22:00:00,479.62,May,Tuesday,36-45
ORD0184,45.0,Books,North,Cash,10.0,411.18,2.2,1.2,2023-05-10 15:00:00,4021.34,May,Wednesday,36-45
ORD0185,61.0,Clothing,West,Cash,3.0,168.04,2.3,3.7,2023-05-11 08:00:00,492.53,May,Thursday,60+
ORD0186,61.0,Books,East,Credit Card,9.0,21.22,10.2,4.3,2023-05-12 01:00:00,171.5,May,Friday,60+
ORD0187,37.0,Books,South,Credit Card,12.0,85.36,26.0,4.1,2023-05-12 18:00:00,758.0,May,Friday,36-45
ORD0188,47.0,Sports,North,Debit Card,10.0,119.57,6.5,3.2,2023-05-13 11:00:00,1117.98,May,Saturday,46-60
ORD0189,28.0,Electronics,West,UPI,14.0,479.09,10.8,1.4,2023-05-14 04:00:00,5982.88,May,Sunday,26-35
ORD0190,45.0,Electronics,East,UPI,11.0,290.79,2.1,3.8,2023-05-14 21:00:00,3131.52,May,Sunday,36-45
ORD0191,42.0,Groceries,South,Cash,2.0,467.04,22.9,2.0,2023-05-15 14:00:00,720.18,May,Monday,36-45
ORD0192,56.0,Sports,North,Cash,6.0,291.83,12.2,4.6,2023-05-16 07:00:00,1537.36,May,Tuesday,46-60
ORD0193,50.0,Books,South,Cash,12.0,244.88,22.8,4.4,2023-05-17 00:00:00,2268.57,May,Wednesday,46-60
ORD0194,18.0,Electronics,East,Debit Card,7.0,163.73,27.1,3.8,2023-05-17 17:00:00,835.51,May,Wednesday,18-25
ORD0195,45.0,Books,North,UPI,12.0,307.12,0.0,3.6,2023-05-18 10:00:00,3685.44,May,Thursday,36-45
ORD0196,69.0,Electronics,South,Credit Card,13.0,78.21,24.2,1.1,2023-05-19 03:00:00,770.68,May,Friday,60+
ORD0197,30.0,Electronics,West,Debit Card,9.0,450.15,1.8,3.9,2023-05-19 20:00:00,3978.43,May,Friday,26-35
ORD0198,58.0,Electronics,North,Credit Card,13.0,416.37,27.0,2.3,2023-05-20 13:00:00,3951.35,May,Saturday,46-60
ORD0199,20.0,Sports,South,Credit Card,3.0,165.59,19.5,4.6,2023-05-21 06:00:00,399.9,May,Sunday,18-25
ORD0200,56.0,Clothing,East,Debit Card,10.0,476.87,26.2,2.1,2023-05-21 23:00:00,3519.3,May,Sunday,46-60
ORD0201,23.0,Books,East,Credit Card,3.0,414.35,0.0,3.9,2023-05-22 16:00:00,1243.05,May,Monday,18-25
ORD0202,25.0,Sports,North,UPI,7.0,336.49,5.1,4.5,2023-05-23 09:00:00,2235.3,May,Tuesday,18-25
ORD0203,44.0,Sports,South,Credit Card,14.0,69.66,11.7,1.2,2023-05-24 02:00:00,861.14,May,Wednesday,36-45
ORD0204,26.0,Sports,North,UPI,4.0,244.33,11.4,2.6,2023-05-24 19:00:00,865.91,May,Wednesday,26-35
ORD0205,54.0,Sports,North,UPI,13.0,257.99,6.8,4.0,2023-05-25 12:00:00,3125.81,May,Thursday,46-60
ORD0206,50.0,Sports,South,UPI,8.0,757.03,11.4,2.8,2023-05-26 05:00:00,5365.83,May,Friday,46-60
ORD0207,68.0,Groceries,South,Cash,13.0,49.18,3.9,2.1,2023-05-26 22:00:00,614.41,May,Friday,60+
ORD0208,59.0,Books,West,Credit Card,7.0,390.59,12.4,1.9,2023-05-27 15:00:00,2395.1,May,Saturday,46-60
ORD0209,61.0,Sports,South,Debit Card,5.0,69.8,24.1,1.5,2023-05-28 08:00:00,264.89,May,Sunday,60+
ORD0210,41.0,Books,East,Debit Card,7.0,757.03,14.4,3.6,2023-05-29 01:00:00,4536.12,May,Monday,36-45
ORD0211,32.0,Groceries,North,Credit Card,3.0,468.86,0.5,3.3,2023-05-29 18:00:00,1399.55,May,Monday,26-35
ORD0212,45.0,Groceries,North,Cash,12.0,439.29,12.6,2.8,2023-05-30 11:00:00,4607.27,May,Tuesday,36-45
ORD0213,49.0,Books,East,Cash,2.0,146.1,0.8,2.5,2023-05-31 04:00:00,289.86,May,Wednesday,46-60
ORD0214,41.0,Electronics,South,UPI,6.0,427.21,29.0,2.5,2023-05-31 21:00:00,1819.91,May,Wednesday,36-45
ORD0215,58.0,Clothing,East,Credit Card,2.0,10.16,3.8,1.7,2023-06-01 14:00:00,19.55,June,Thursday,46-60
ORD0216,69.0,Electronics,East,Credit Card,3.0,18.67,21.2,2.7,2023-06-02 07:00:00,44.14,June,Friday,60+
ORD0217,66.0,Electronics,West,Debit Card,6.0,305.25,29.2,2.3,2023-06-03 00:00:00,1296.7,June,Saturday,60+
ORD0218,66.0,Electronics,East,Credit Card,5.0,188.75,24.8,2.4,2023-06-03 17:00:00,709.7,June,Saturday,60+
ORD0219,69.0,Sports,North,Cash,8.0,199.37,21.0,4.0,2023-06-04 10:00:00,1260.02,June,Sunday,60+
ORD0220,29.0,Groceries,East,Credit Card,9.0,286.58,25.2,1.9,2023-06-05 03:00:00,1929.26,June,Monday,26-35
ORD0221,56.0,Electronics,North,Debit Card,11.0,103.97,29.5,3.6,2023-06-05 20:00:00,806.29,June,Monday,46-60
ORD0222,19.0,Groceries,North,UPI,3.0,113.76,18.6,3.3,2023-06-06 13:00:00,277.8,June,Tuesday,18-25
ORD0223,20.0,Books,North,Debit Card,12.0,247.45,16.8,3.3,2023-06-07 06:00:00,2470.54,June,Wednesday,18-25
ORD0224,66.0,Clothing,South,Debit Card,10.0,379.58,18.8,3.7,2023-06-07 23:00:00,3082.19,June,Wednesday,60+
ORD0225,54.0,Books,West,UPI,3.0,313.55,16.0,3.2,2023-06-08 16:00:00,790.15,June,Thursday,46-60
ORD0226,66.0,Books,North,Debit Card,3.0,155.7,19.1,4.5,2023-06-09 09:00:00,377.88,June,Friday,60+
ORD0227,34.0,Sports,North,Debit Card,13.0,220.87,13.5,3.7,2023-06-10 02:00:00,2483.68,June,Saturday,26-35
ORD0228,66.0,Clothing,South,Credit Card,13.0,93.63,6.6,3.2,2023-06-10 19:00:00,1136.86,June,Saturday,60+
ORD0229,19.0,Books,North,Credit Card,6.0,46.57,3.6,4.3,2023-06-11 12:00:00,269.36,June,Sunday,18-25
ORD0230,19.0,Books,East,UPI,1.0,393.52,2.1,3.4,2023-06-12 05:00:00,385.26,June,Monday,18-25
ORD0231,45.0,Clothing,East,Credit Card,7.0,140.04,7.9,2.2,2023-06-12 22:00:00,902.84,June,Monday,36-45
ORD0232,40.0,Clothing,West,Credit Card,12.0,97.11,1.4,1.8,2023-06-13 15:00:00,1149.01,June,Tuesday,36-45
ORD0233,54.0,Books,North,Debit Card,1.0,348.89,17.0,1.6,2023-06-14 08:00:00,289.58,June,Wednesday,46-60
ORD0234,49.0,Clothing,South,Cash,14.0,312.85,8.5,4.6,2023-06-15 01:00:00,4007.61,June,Thursday,46-60
ORD0235,50.0,Books,East,Credit Card,5.0,320.26,24.7,3.8,2023-06-15 18:00:00,1205.78,June,Thursday,46-60
ORD0236,18.0,Books,South,Cash,10.0,122.16,2.2,4.7,2023-06-16 11:00:00,1194.72,June,Friday,18-25
ORD0237,36.0,Sports,South,Credit Card,13.0,124.0,6.8,3.4,2023-06-17 04:00:00,1502.38,June,Saturday,36-45
ORD0238,19.0,Electronics,East,Credit Card,8.0,118.19,21.9,2.9,2023-06-17 21:00:00,738.45,June,Saturday,18-25
ORD0239,61.0,Books,South,UPI,4.0,95.14,18.0,1.2,2023-06-18 14:00:00,312.06,June,Sunday,60+
ORD0240,43.0,Groceries,East,UPI,5.0,331.3,1.9,3.7,2023-06-19 07:00:00,1625.03,June,Monday,36-45
ORD0241,49.0,Electronics,South,UPI,4.0,425.53,26.3,3.3,2023-06-20 00:00:00,1254.46,June,Tuesday,46-60
ORD0242,23.0,Electronics,East,Cash,12.0,364.92,26.3,5.0,2023-06-20 17:00:00,3227.35,June,Tuesday,18-25
ORD0243,49.0,Electronics,North,Debit Card,12.0,398.13,9.9,2.0,2023-06-21 10:00:00,4304.58,June,Wednesday,46-60
ORD0244,21.0,Sports,West,Credit Card,14.0,208.35,10.2,3.1,2023-06-22 03:00:00,2619.38,June,Thursday,18-25
ORD0245,28.0,Books,East,Credit Card,4.0,330.5,29.7,3.6,2023-06-22 20:00:00,929.37,June,Thursday,26-35
ORD0246,34.0,Sports,East,Credit Card,12.0,183.58,18.8,3.6,2023-06-23 13:00:00,1788.8,June,Friday,26-35
ORD0247,55.0,Books,West,Cash,8.0,267.5,15.9,3.2,2023-06-24 06:00:00,1799.74,June,Saturday,46-60
ORD0248,41.0,Sports,East,UPI,2.0,246.0,25.1,4.1,2023-06-24 23:00:00,368.51,June,Saturday,36-45
ORD0249,22.0,Sports,East,Debit Card,1.0,96.67,8.6,1.8,2023-06-25 16:00:00,88.36,June,Sunday,18-25
ORD0250,69.0,Groceries,South,Cash,3.0,199.67,12.9,3.9,2023-06-26 09:00:00,521.74,June,Monday,60+
ORD0251,51.0,Sports,West,UPI,9.0,482.27,8.0,3.5,2023-06-27 02:00:00,3993.2,June,Tuesday,46-60
ORD0252,23.0,Clothing,North,Cash,4.0,131.8,23.7,4.6,2023-06-27 19:00:00,402.25,June,Tuesday,18-25
ORD0253,39.0,Groceries,East,Debit Card,10.0,75.56,17.2,4.4,2023-06-28 12:00:00,625.64,June,Wednesday,36-45
ORD0254,28.0,Sports,West,UPI,5.0,215.1,19.8,2.3,2023-06-29 05:00:00,862.55,June,Thursday,26-35
ORD0255,65.0,Electronics,South,Cash,2.0,397.27,7.6,2.1,2023-06-29 22:00:00,734.15,June,Thursday,60+
ORD0256,33.0,Clothing,North,Debit Card,4.0,295.25,6.6,4.9,2023-06-30 15:00:00,1103.05,June,Friday,26-35
ORD0257,50.0,Clothing,West,Credit Card,2.0,343.68,14.7,3.1,2023-07-01 08:00:00,586.32,July,Saturday,46-60
ORD0258,26.0,Clothing,North,Debit Card,2.0,102.95,22.1,4.6,2023-07-02 01:00:00,160.4,July,Sunday,26-35
ORD0259,23.0,Groceries,North,Credit Card,4.0,313.28,15.8,1.7,2023-07-02 18:00:00,1055.13,July,Sunday,18-25
ORD0260,33.0,Sports,North,Cash,6.0,168.52,1.0,3.6,2023-07-03 11:00:00,1001.01,July,Monday,26-35
ORD0261,46.0,Sports,East,UPI,7.0,418.81,26.1,4.2,2023-07-04 04:00:00,2166.5,July,Tuesday,46-60
ORD0262,20.0,Electronics,East,UPI,10.0,318.36,1.9,4.8,2023-07-04 21:00:00,3123.11,July,Tuesday,18-25
ORD0263,37.0,Electronics,South,Cash,3.0,107.44,28.7,2.3,2023-07-05 14:00:00,229.81,July,Wednesday,36-45
ORD0264,53.0,Clothing,South,UPI,3.0,41.66,0.8,3.9,2023-07-06 07:00:00,123.98,July,Thursday,46-60
ORD0265,36.0,Electronics,West,UPI,10.0,30.89,20.8,3.2,2023-07-07 00:00:00,244.65,July,Friday,36-45
ORD0266,43.0,Groceries,South,Credit Card,6.0,191.99,2.5,1.2,2023-07-07 17:00:00,1123.14,July,Friday,36-45
ORD0267,20.0,Sports,North,Cash,13.0,140.27,27.3,3.8,2023-07-08 10:00:00,1325.69,July,Saturday,18-25
ORD0268,36.0,Clothing,North,Debit Card,12.0,326.58,13.9,3.8,2023-07-09 03:00:00,3374.22,July,Sunday,36-45
ORD0269,37.0,Electronics,East,Credit Card,3.0,254.67,4.1,4.7,2023-07-09 20:00:00,732.69,July,Sunday,36-45
ORD0270,49.0,Groceries,North,Cash,13.0,140.35,10.2,3.0,2023-07-10 13:00:00,1638.45,July,Monday,46-60
ORD0271,24.0,Groceries,West,Credit Card,2.0,83.13,4.9,1.9,2023-07-11 06:00:00,158.11,July,Tuesday,18-25
ORD0272,69.0,Electronics,North,Debit Card,8.0,757.03,5.1,1.2,2023-07-11 23:00:00,5747.37,July,Tuesday,60+
ORD0273,58.0,Sports,North,Debit Card,5.0,433.68,28.4,2.7,2023-07-12 16:00:00,1552.57,July,Wednesday,46-60
ORD0274,50.0,Electronics,West,Cash,1.0,129.3,13.4,2.2,2023-07-13 09:00:00,111.97,July,Thursday,46-60
ORD0275,57.0,Clothing,South,Debit Card,3.0,329.34,23.7,4.0,2023-07-14 02:00:00,753.86,July,Friday,46-60
ORD0276,56.0,Electronics,South,Credit Card,10.0,407.24,19.2,2.4,2023-07-14 19:00:00,3290.5,July,Friday,46-60
ORD0277,35.0,Groceries,West,Debit Card,8.0,310.9,20.3,4.8,2023-07-15 12:00:00,1982.3,July,Saturday,26-35
ORD0278,57.0,Electronics,East,Credit Card,4.0,431.19,4.0,4.8,2023-07-16 05:00:00,1655.77,July,Sunday,46-60
ORD0279,18.0,Sports,North,Credit Card,14.0,202.27,7.0,3.5,2023-07-16 22:00:00,2633.56,July,Sunday,18-25
ORD0280,28.0,Books,West,Debit Card,7.0,478.55,23.6,4.7,2023-07-17 15:00:00,2559.29,July,Monday,26-35
ORD0281,45.0,Electronics,North,Cash,10.0,75.24,0.0,2.9,2023-07-18 08:00:00,752.4,July,Tuesday,36-45
ORD0282,42.0,Sports,East,UPI,12.0,60.05,7.9,3.2,2023-07-19 01:00:00,663.67,July,Wednesday,36-45
ORD0283,67.0,Sports,North,Debit Card,22.75,332.76,8.1,1.7,2023-07-19 18:00:00,6957.1,July,Wednesday,60+
ORD0284,40.0,Groceries,West,Credit Card,14.0,471.99,14.2,2.8,2023-07-20 11:00:00,5669.54,July,Thursday,36-45
ORD0285,48.0,Sports,North,Credit Card,2.0,406.35,29.5,3.2,2023-07-21 04:00:00,572.95,July,Friday,46-60
ORD0286,47.0,Sports,South,Debit Card,7.0,47.44,8.1,4.5,2023-07-21 21:00:00,305.18,July,Friday,46-60
ORD0287,59.0,Sports,East,Cash,5.0,146.89,12.2,2.9,2023-07-22 14:00:00,644.85,July,Saturday,46-60
ORD0288,52.0,Sports,East,Cash,5.0,465.86,26.7,4.6,2023-07-23 07:00:00,1707.38,July,Sunday,46-60
ORD0289,24.0,Clothing,East,Credit Card,6.0,134.0,0.1,3.7,2023-07-24 00:00:00,803.2,July,Monday,18-25
ORD0290,33.0,Clothing,West,Credit Card,13.0,392.77,1.2,1.5,2023-07-24 17:00:00,5044.74,July,Monday,26-35
ORD0291,43.0,Groceries,East,Cash,9.0,414.31,18.1,5.0,2023-07-25 10:00:00,3053.88,July,Tuesday,36-45
ORD0292,65.0,Electronics,South,UPI,14.0,252.77,27.2,3.1,2023-07-26 03:00:00,2576.23,July,Wednesday,60+
ORD0293,69.0,Sports,West,Debit Card,6.0,199.31,7.2,2.6,2023-07-26 20:00:00,1109.76,July,Wednesday,60+
ORD0294,66.0,Electronics,South,Credit Card,12.0,230.56,14.1,3.6,2023-07-27 13:00:00,2376.61,July,Thursday,60+
ORD0295,19.0,Electronics,North,Credit Card,13.0,121.21,13.5,1.4,2023-07-28 06:00:00,1363.01,July,Friday,18-25
ORD0296,18.0,Groceries,North,Cash,14.0,445.8,14.2,3.5,2023-07-28 23:00:00,5354.95,July,Friday,18-25
ORD0297,65.0,Sports,North,Debit Card,8.0,230.8,18.7,3.0,2023-07-29 16:00:00,1501.12,July,Saturday,60+
ORD0298,29.0,Sports,North,Cash,7.0,442.41,14.1,2.6,2023-07-30 09:00:00,2660.21,July,Sunday,26-35
ORD0299,22.0,Books,South,Debit Card,9.0,61.79,13.4,4.8,2023-07-31 02:00:00,481.59,July,Monday,18-25
ORD0300,54.0,Electronics,West,Debit Card,4.0,494.25,14.2,3.1,2023-07-31 19:00:00,1696.27,July,Monday,46-60
ORD0301,49.0,Electronics,West,Debit Card,2.0,227.2,17.7,1.9,2023-08-01 12:00:00,373.97,August,Tuesday,46-60
ORD0302,26.0,Clothing,East,Credit Card,7.0,33.44,16.1,2.8,2023-08-02 05:00:00,196.39,August,Wednesday,26-35
ORD0303,58.0,Books,South,UPI,6.0,28.63,25.6,4.7,2023-08-02 22:00:00,127.8,August,Wednesday,46-60
ORD0304,52.0,Clothing,North,Cash,1.0,375.64,1.5,1.7,2023-08-03 15:00:00,370.01,August,Thursday,46-60
ORD0305,36.0,Clothing,South,UPI,11.0,332.93,25.0,1.9,2023-08-04 08:00:00,2746.67,August,Friday,36-45
ORD0306,65.0,Clothing,East,Cash,9.0,403.04,25.3,1.1,2023-08-05 01:00:00,2709.64,August,Saturday,60+
ORD0307,33.0,Groceries,East,Debit Card,9.0,61.63,8.5,1.1,2023-08-05 18:00:00,507.52,August,Saturday,26-35
ORD0308,20.0,Groceries,South,Credit Card,12.0,27.43,13.9,4.3,2023-08-06 11:00:00,283.41,August,Sunday,18-25
ORD0309,37.0,Clothing,South,UPI,2.0,259.2,13.2,3.9,2023-08-07 04:00:00,449.97,August,Monday,36-45
ORD0310,41.0,Books,South,Credit Card,3.0,199.92,6.6,2.4,2023-08-07 21:00:00,560.18,August,Monday,36-45
ORD0311,50.0,Electronics,West,Cash,5.0,236.35,11.9,3.8,2023-08-08 14:00:00,1041.12,August,Tuesday,46-60
ORD0312,41.0,Books,North,Credit Card,5.0,495.88,1.3,2.6,2023-08-09 07:00:00,2447.17,August,Wednesday,36-45
ORD0313,69.0,Sports,South,Credit Card,1.0,485.67,8.3,4.8,2023-08-10 00:00:00,445.36,August,Thursday,60+
ORD0314,28.0,Groceries,South,UPI,8.0,471.73,24.5,4.9,2023-08-10 17:00:00,2849.25,August,Thursday,26-35
ORD0315,66.0,Electronics,South,Debit Card,12.0,394.08,8.5,2.6,2023-08-11 10:00:00,4327.0,August,Friday,60+
ORD0316,25.0,Electronics,East,Credit Card,8.0,183.87,24.5,4.4,2023-08-12 03:00:00,1110.57,August,Saturday,18-25
ORD0317,45.0,Sports,East,Debit Card,4.0,211.94,0.0,3.2,2023-08-12 20:00:00,847.76,August,Saturday,36-45
ORD0318,90.5,Sports,West,Cash,13.0,279.31,26.4,2.2,2023-08-13 13:00:00,2672.44,August,Sunday,60+
ORD0319,57.0,Clothing,North,Credit Card,7.0,416.96,17.2,1.9,2023-08-14 06:00:00,2416.7,August,Monday,46-60
ORD0320,37.0,Groceries,West,UPI,11.0,43.67,0.9,2.8,2023-08-14 23:00:00,476.05,August,Monday,36-45
ORD0321,52.0,Groceries,North,Cash,10.0,217.91,20.3,4.1,2023-08-15 16:00:00,1736.74,August,Tuesday,46-60
ORD0322,65.0,Books,East,Cash,3.0,50.48,1.3,4.8,2023-08-16 09:00:00,149.47,August,Wednesday,60+
ORD0323,42.0,Clothing,East,UPI,6.0,262.18,13.5,4.1,2023-08-17 02:00:00,1360.71,August,Thursday,36-45
ORD0324,52.0,Clothing,East,Credit Card,14.0,450.46,27.9,4.4,2023-08-17 19:00:00,4546.94,August,Thursday,46-60
ORD0325,42.0,Clothing,West,Credit Card,10.0,393.42,5.0,3.4,2023-08-18 12:00:00,3737.49,August,Friday,36-45
ORD0326,46.0,Clothing,South,Cash,13.0,121.64,11.7,4.3,2023-08-19 05:00:00,1396.31,August,Saturday,46-60
ORD0327,35.0,Groceries,South,Credit Card,10.0,488.24,21.9,4.1,2023-08-19 22:00:00,3813.15,August,Saturday,26-35
ORD0328,63.0,Groceries,East,Debit Card,12.0,337.0,26.5,2.5,2023-08-20 15:00:00,2972.34,August,Sunday,60+
ORD0329,35.0,Clothing,South,UPI,14.0,15.11,20.1,3.2,2023-08-21 08:00:00,169.02,August,Monday,26-35
ORD0330,19.0,Books,South,Debit Card,9.0,135.15,7.7,4.2,2023-08-22 01:00:00,1122.69,August,Tuesday,18-25
ORD0331,52.0,Electronics,West,Credit Card,1.0,137.75,20.2,1.2,2023-08-22 18:00:00,109.92,August,Tuesday,46-60
ORD0332,33.0,Electronics,North,Cash,5.0,43.93,8.9,4.2,2023-08-23 11:00:00,200.1,August,Wednesday,26-35
ORD0333,58.0,Books,East,UPI,4.0,480.31,21.6,1.7,2023-08-24 04:00:00,1506.25,August,Thursday,46-60
ORD0334,53.0,Clothing,East,Credit Card,8.0,244.35,28.6,3.1,2023-08-24 21:00:00,1395.73,August,Thursday,46-60
ORD0335,45.0,Groceries,West,Credit Card,11.0,448.95,21.6,2.8,2023-08-25 14:00:00,3871.74,August,Friday,36-45
ORD0336,21.0,Electronics,West,Cash,12.0,167.89,25.9,2.0,2023-08-26 07:00:00,1492.88,August,Saturday,18-25
ORD0337,50.0,Sports,South,Cash,1.0,71.36,0.1,3.2,2023-08-27 00:00:00,71.29,August,Sunday,46-60
ORD0338,31.0,Sports,East,Debit Card,9.0,242.42,21.5,2.6,2023-08-27 17:00:00,1712.7,August,Sunday,26-35
ORD0339,38.0,Books,North,UPI,6.0,65.84,24.9,4.6,2023-08-28 10:00:00,296.68,August,Monday,36-45
ORD0340,65.0,Clothing,West,UPI,4.0,248.15,1.2,1.0,2023-08-29 03:00:00,980.69,August,Tuesday,60+
ORD0341,37.0,Electronics,North,Cash,12.0,460.95,26.1,4.6,2023-08-29 20:00:00,4087.7,August,Tuesday,36-45
ORD0342,25.0,Clothing,North,Debit Card,9.0,265.18,7.7,1.6,2023-08-30 13:00:00,2202.85,August,Wednesday,18-25
ORD0343,24.0,Electronics,East,UPI,11.0,312.08,20.0,5.0,2023-08-31 06:00:00,2746.3,August,Thursday,18-25
ORD0344,20.0,Books,East,Cash,5.0,86.75,24.0,4.8,2023-08-31 23:00:00,329.65,August,Thursday,18-25
ORD0345,34.0,Books,West,Credit Card,5.0,31.43,19.9,3.0,2023-09-01 16:00:00,125.88,September,Friday,26-35
ORD0346,50.0,Sports,East,UPI,12.0,64.3,2.8,3.1,2023-09-02 09:00:00,750.0,September,Saturday,46-60
ORD0347,65.0,Clothing,East,Debit Card,5.0,303.28,17.9,2.9,2023-09-03 02:00:00,1244.96,September,Sunday,60+
ORD0348,29.0,Sports,East,Debit Card,1.0,56.56,16.5,3.5,2023-09-03 19:00:00,47.23,September,Sunday,26-35
ORD0349,68.0,Clothing,North,Debit Card,1.0,194.24,27.0,1.4,2023-09-04 12:00:00,141.8,September,Monday,60+
ORD0350,39.0,Sports,West,Credit Card,8.0,279.55,12.1,1.1,2023-09-05 05:00:00,1965.8,September,Tuesday,36-45
ORD0351,39.0,Groceries,South,UPI,12.0,200.44,9.6,1.2,2023-09-05 22:00:00,2174.37,September,Tuesday,36-45
ORD0352,63.0,Groceries,North,UPI,8.0,90.21,22.5,2.8,2023-09-06 15:00:00,559.3,September,Wednesday,60+
ORD0353,47.0,Groceries,East,Credit Card,12.0,144.16,12.4,2.1,2023-09-07 08:00:00,1515.41,September,Thursday,46-60
ORD0354,55.0,Groceries,North,UPI,6.0,464.88,19.4,3.5,2023-09-08 01:00:00,2248.16,September,Friday,46-60
ORD0355,55.0,Electronics,East,Credit Card,12.0,341.23,19.4,5.0,2023-09-08 18:00:00,3300.38,September,Friday,46-60
ORD0356,62.0,Groceries,East,Credit Card,11.0,253.06,26.6,2.5,2023-09-09 11:00:00,2043.21,September,Saturday,60+
ORD0357,45.0,Books,North,Credit Card,13.0,16.23,0.0,3.6,2023-09-10 04:00:00,210.99,September,Sunday,36-45
ORD0358,25.0,Books,West,Debit Card,4.0,496.28,15.1,2.7,2023-09-10 21:00:00,1685.37,September,Sunday,18-25
ORD0359,44.0,Electronics,East,UPI,2.0,339.01,4.2,4.4,2023-09-11 14:00:00,649.54,September,Monday,36-45
ORD0360,44.0,Groceries,West,Credit Card,14.0,165.29,3.5,4.6,2023-09-12 07:00:00,2233.07,September,Tuesday,36-45
ORD0361,51.0,Groceries,South,UPI,2.0,440.84,4.6,4.5,2023-09-13 00:00:00,841.12,September,Wednesday,46-60
ORD0362,45.0,Groceries,East,Debit Card,9.0,136.63,0.0,2.8,2023-09-13 17:00:00,1229.67,September,Wednesday,36-45
ORD0363,47.0,Sports,West,Credit Card,5.0,276.57,19.1,1.1,2023-09-14 10:00:00,1118.73,September,Thursday,46-60
ORD0364,50.0,Clothing,West,Cash,4.0,321.67,22.2,4.4,2023-09-15 03:00:00,1001.04,September,Friday,46-60
ORD0365,45.0,Sports,South,Debit Card,10.0,118.32,15.9,4.0,2023-09-15 20:00:00,995.07,September,Friday,36-45
ORD0366,64.0,Clothing,West,Cash,13.0,489.41,24.9,1.9,2023-09-16 13:00:00,4778.11,September,Saturday,60+
ORD0367,50.0,Groceries,West,UPI,1.0,376.61,29.7,4.8,2023-09-17 06:00:00,264.76,September,Sunday,46-60
ORD0368,90.5,Groceries,South,UPI,7.0,283.33,24.6,1.6,2023-09-17 23:00:00,1495.42,September,Sunday,60+
ORD0369,65.0,Sports,East,Debit Card,3.0,98.49,20.8,3.7,2023-09-18 16:00:00,234.01,September,Monday,60+
ORD0370,36.0,Sports,West,UPI,6.0,36.39,16.0,1.9,2023-09-19 09:00:00,183.41,September,Tuesday,36-45
ORD0371,21.0,Clothing,West,Cash,5.0,166.83,13.5,2.7,2023-09-20 02:00:00,721.54,September,Wednesday,18-25
ORD0372,45.0,Books,West,Credit Card,5.0,379.06,0.0,3.6,2023-09-20 19:00:00,1895.3,September,Wednesday,36-45
ORD0373,66.0,Clothing,North,Credit Card,11.0,141.97,12.0,3.3,2023-09-21 12:00:00,1374.27,September,Thursday,60+
ORD0374,34.0,Sports,South,Credit Card,5.0,274.38,27.3,2.7,2023-09-22 05:00:00,997.37,September,Friday,26-35
ORD0375,45.0,Sports,North,Debit Card,1.0,757.03,0.0,3.2,2023-09-22 22:00:00,757.03,September,Friday,36-45
ORD0376,45.0,Electronics,South,UPI,1.0,62.89,6.5,4.4,2023-09-23 15:00:00,58.8,September,Saturday,36-45
ORD0377,47.0,Sports,East,Cash,3.0,345.8,14.0,1.6,2023-09-24 08:00:00,892.16,September,Sunday,46-60
ORD0378,45.0,Electronics,East,UPI,14.0,55.02,0.0,2.9,2023-09-25 01:00:00,770.28,September,Monday,36-45
ORD0379,63.0,Books,West,UPI,12.0,482.91,2.0,4.6,2023-09-25 18:00:00,5679.02,September,Monday,60+
ORD0380,23.0,Clothing,South,UPI,10.0,249.31,11.6,4.4,2023-09-26 11:00:00,2203.9,September,Tuesday,18-25
ORD0381,52.0,Clothing,East,Credit Card,4.0,83.83,25.6,2.6,2023-09-27 04:00:00,249.48,September,Wednesday,46-60
ORD0382,58.0,Electronics,South,Cash,5.0,177.77,12.1,4.1,2023-09-27 21:00:00,781.3,September,Wednesday,46-60
ORD0383,54.0,Clothing,East,Cash,2.0,212.57,2.3,4.3,2023-09-28 14:00:00,415.36,September,Thursday,46-60
ORD0384,41.0,Sports,North,UPI,8.0,381.51,16.3,4.6,2023-09-29 07:00:00,2554.59,September,Friday,36-45
ORD0385,46.0,Groceries,East,Credit Card,11.0,374.28,25.9,3.2,2023-09-30 00:00:00,3050.76,September,Saturday,46-60
ORD0386,66.0,Electronics,North,Credit Card,11.0,309.85,17.7,1.8,2023-09-30 17:00:00,2805.07,September,Saturday,60+
ORD0387,63.0,Clothing,East,Cash,14.0,61.91,6.8,2.0,2023-10-01 10:00:00,807.8,October,Sunday,60+
ORD0388,48.0,Electronics,West,Credit Card,2.0,84.27,11.5,2.2,2023-10-02 03:00:00,149.16,October,Monday,46-60
ORD0389,45.0,Electronics,North,Credit Card,9.0,55.94,0.0,2.9,2023-10-02 20:00:00,503.46,October,Monday,36-45
ORD0390,50.0,Groceries,East,Credit Card,22.75,292.81,17.4,1.1,2023-10-03 13:00:00,5502.34,October,Tuesday,46-60
ORD0391,69.0,Sports,West,Debit Card,13.0,439.8,22.8,3.5,2023-10-04 06:00:00,4413.83,October,Wednesday,60+
ORD0392,38.0,Electronics,North,UPI,9.0,222.56,3.0,2.5,2023-10-04 23:00:00,1942.95,October,Wednesday,36-45
ORD0393,49.0,Clothing,West,Cash,7.0,88.82,26.7,2.2,2023-10-05 16:00:00,455.74,October,Thursday,46-60
ORD0394,40.0,Books,South,Cash,8.0,283.44,0.4,4.5,2023-10-06 09:00:00,2258.45,October,Friday,36-45
ORD0395,45.0,Electronics,South,Debit Card,11.0,407.76,0.0,2.9,2023-10-07 02:00:00,4485.36,October,Saturday,36-45
ORD0396,20.0,Electronics,North,UPI,2.0,373.44,0.8,1.4,2023-10-07 19:00:00,740.9,October,Saturday,18-25
ORD0397,35.0,Groceries,East,Cash,7.0,441.91,11.8,4.3,2023-10-08 12:00:00,2728.35,October,Sunday,26-35
ORD0398,42.0,Sports,North,Credit Card,12.0,146.17,15.8,1.2,2023-10-09 05:00:00,1476.9,October,Monday,36-45
ORD0399,59.0,Books,West,Cash,6.0,105.04,15.4,3.9,2023-10-09 22:00:00,533.18,October,Monday,46-60
ORD0400,48.0,Clothing,East,Credit Card,4.0,441.11,5.0,4.1,2023-10-10 15:00:00,1676.22,October,Tuesday,46-60
ORD0401,20.0,Books,South,Debit Card,22.75,332.2,19.4,2.4,2023-10-11 08:00:00,6091.39,October,Wednesday,18-25
ORD0402,57.0,Clothing,East,Credit Card,14.0,162.36,1.3,4.3,2023-10-12 01:00:00,2243.49,October,Thursday,46-60
ORD0403,63.0,Sports,South,Cash,13.0,373.75,22.9,3.1,2023-10-12 18:00:00,3746.1,October,Thursday,60+
ORD0404,41.0,Clothing,East,Cash,4.0,409.41,28.4,2.9,2023-10-13 11:00:00,1172.55,October,Friday,36-45
ORD0405,67.0,Groceries,East,Cash,2.0,311.34,10.2,1.2,2023-10-14 04:00:00,559.17,October,Saturday,60+
ORD0406,49.0,Groceries,East,Debit Card,10.0,347.06,15.5,2.2,2023-10-14 21:00:00,2932.66,October,Saturday,46-60
ORD0407,45.0,Groceries,West,Debit Card,12.0,193.88,0.0,2.8,2023-10-15 14:00:00,2326.56,October,Sunday,36-45
ORD0408,39.0,Groceries,West,UPI,7.0,273.96,0.2,2.6,2023-10-16 07:00:00,1913.88,October,Monday,36-45
ORD0409,45.0,Books,North,Cash,8.0,266.84,0.0,3.6,2023-10-17 00:00:00,2134.72,October,Tuesday,36-45
ORD0410,19.0,Sports,North,Credit Card,2.0,425.54,23.8,3.2,2023-10-17 17:00:00,648.52,October,Tuesday,18-25
ORD0411,44.0,Clothing,South,Debit Card,5.0,421.58,17.9,3.4,2023-10-18 10:00:00,1730.59,October,Wednesday,36-45
ORD0412,59.0,Clothing,West,Cash,22.75,418.01,3.0,1.2,2023-10-19 03:00:00,9224.44,October,Thursday,46-60
ORD0413,19.0,Groceries,South,Cash,7.0,15.41,25.4,2.4,2023-10-19 20:00:00,80.47,October,Thursday,18-25
ORD0414,43.0,Groceries,North,Debit Card,8.0,377.28,15.9,3.9,2023-10-20 13:00:00,2538.34,October,Friday,36-45
ORD0415,34.0,Electronics,South,UPI,13.0,381.75,25.3,1.8,2023-10-21 06:00:00,3707.17,October,Saturday,26-35
ORD0416,57.0,Sports,North,Debit Card,6.0,342.41,17.4,1.8,2023-10-21 23:00:00,1696.98,October,Saturday,46-60
ORD0417,50.0,Books,West,Debit Card,5.0,380.57,16.8,1.0,2023-10-22 16:00:00,1583.17,October,Sunday,46-60
ORD0418,26.0,Clothing,East,Credit Card,6.0,422.57,3.2,2.7,2023-10-23 09:00:00,2454.29,October,Monday,26-35
ORD0419,60.0,Electronics,West,Credit Card,2.0,240.46,5.0,4.5,2023-10-24 02:00:00,456.87,October,Tuesday,46-60
ORD0420,65.0,Electronics,South,UPI,1.0,256.0,29.2,1.2,2023-10-24 19:00:00,181.25,October,Tuesday,60+
ORD0421,56.0,Clothing,South,Cash,7.0,71.11,6.9,1.8,2023-10-25 12:00:00,463.42,October,Wednesday,46-60
ORD0422,46.0,Books,West,Debit Card,7.0,198.83,29.3,2.2,2023-10-26 05:00:00,984.01,October,Thursday,46-60
ORD0423,59.0,Electronics,West,UPI,10.0,325.25,16.0,3.9,2023-10-26 22:00:00,2732.1,October,Thursday,46-60
ORD0424,43.0,Electronics,North,Credit Card,11.0,392.4,4.1,3.6,2023-10-27 15:00:00,4139.43,October,Friday,36-45
ORD0425,52.0,Sports,South,Debit Card,10.0,116.43,3.0,2.7,2023-10-28 08:00:00,1129.37,October,Saturday,46-60
ORD0426,67.0,Books,South,Cash,14.0,77.53,6.3,4.0,2023-10-29 01:00:00,1017.04,October,Sunday,60+
ORD0427,42.0,Electronics,West,Credit Card,2.0,334.89,27.8,3.4,2023-10-29 18:00:00,483.58,October,Sunday,36-45
ORD0428,41.0,Books,East,Credit Card,2.0,10.92,12.4,4.6,2023-10-30 11:00:00,19.13,October,Monday,36-45
ORD0429,30.0,Clothing,South,Credit Card,1.0,97.4,11.9,4.3,2023-10-31 04:00:00,85.81,October,Tuesday,26-35
ORD0430,24.0,Groceries,East,UPI,10.0,24.24,9.4,2.0,2023-10-31 21:00:00,219.61,October,Tuesday,18-25
ORD0431,53.0,Electronics,West,Cash,8.0,91.77,4.4,2.1,2023-11-01 14:00:00,701.86,November,Wednesday,46-60
ORD0432,62.0,Sports,West,Debit Card,8.0,98.85,14.6,1.5,2023-11-02 07:00:00,675.34,November,Thursday,60+
ORD0433,37.0,Clothing,North,UPI,1.0,199.96,3.9,2.3,2023-11-03 00:00:00,192.16,November,Friday,36-45
ORD0434,18.0,Books,South,UPI,12.0,207.14,25.1,5.0,2023-11-03 17:00:00,1861.77,November,Friday,18-25
ORD0435,25.0,Clothing,East,UPI,11.0,438.39,11.1,2.6,2023-11-04 10:00:00,4287.02,November,Saturday,18-25
ORD0436,63.0,Electronics,North,Credit Card,8.0,259.95,11.2,1.9,2023-11-05 03:00:00,1846.68,November,Sunday,60+
ORD0437,33.0,Books,South,Cash,9.0,364.47,14.2,4.0,2023-11-05 20:00:00,2814.44,November,Sunday,26-35
ORD0438,31.0,Groceries,North,UPI,14.0,61.03,13.3,3.2,2023-11-06 13:00:00,740.78,November,Monday,26-35
ORD0439,29.0,Clothing,West,Debit Card,4.0,120.46,29.8,1.6,2023-11-07 06:00:00,338.25,November,Tuesday,26-35
ORD0440,68.0,Electronics,South,Cash,1.0,757.03,16.4,2.5,2023-11-07 23:00:00,632.88,November,Tuesday,60+
ORD0441,40.0,Sports,North,Debit Card,1.0,35.87,2.6,3.2,2023-11-08 16:00:00,34.94,November,Wednesday,36-45
ORD0442,32.0,Books,North,Cash,3.0,248.43,18.2,4.0,2023-11-09 09:00:00,609.65,November,Thursday,26-35
ORD0443,45.0,Clothing,East,Debit Card,14.0,303.69,4.5,1.1,2023-11-10 02:00:00,4060.34,November,Friday,36-45
ORD0444,51.0,Clothing,North,Credit Card,5.0,305.05,0.9,2.1,2023-11-10 19:00:00,1511.52,November,Friday,46-60
ORD0445,19.0,Groceries,South,UPI,5.0,21.24,29.1,3.1,2023-11-11 12:00:00,75.3,November,Saturday,18-25
ORD0446,49.0,Groceries,South,Debit Card,9.0,167.83,23.2,2.1,2023-11-12 05:00:00,1160.04,November,Sunday,46-60
ORD0447,40.0,Sports,East,Cash,10.0,321.88,29.4,3.5,2023-11-12 22:00:00,2272.47,November,Sunday,36-45
ORD0448,39.0,Sports,South,UPI,14.0,83.01,14.3,2.9,2023-11-13 15:00:00,995.95,November,Monday,36-45
ORD0449,68.0,Electronics,West,UPI,12.0,350.75,16.0,2.4,2023-11-14 08:00:00,3535.56,November,Tuesday,60+
ORD0450,42.0,Electronics,South,Cash,2.0,375.5,5.1,4.8,2023-11-15 01:00:00,712.7,November,Wednesday,36-45
ORD0451,45.0,Sports,South,Debit Card,2.0,757.03,0.0,3.2,2023-11-15 18:00:00,1514.06,November,Wednesday,36-45
ORD0452,39.0,Sports,North,Credit Card,6.0,112.82,25.2,1.5,2023-11-16 11:00:00,506.34,November,Thursday,36-45
ORD0453,66.0,Books,North,Credit Card,9.0,414.31,10.7,3.2,2023-11-17 04:00:00,3329.81,November,Friday,60+
ORD0454,69.0,Groceries,South,Debit Card,1.0,264.95,24.8,4.1,2023-11-17 21:00:00,199.24,November,Friday,60+
ORD0455,59.0,Electronics,East,UPI,9.0,193.0,21.3,3.8,2023-11-18 14:00:00,1367.02,November,Saturday,46-60
ORD0456,23.0,Groceries,North,UPI,9.0,69.96,5.3,1.7,2023-11-19 07:00:00,596.27,November,Sunday,18-25
ORD0457,32.0,Groceries,East,UPI,13.0,370.4,15.2,4.9,2023-11-20 00:00:00,4083.29,November,Monday,26-35
ORD0458,60.0,Sports,South,UPI,9.0,125.57,20.3,2.8,2023-11-20 17:00:00,900.71,November,Monday,46-60
ORD0459,54.0,Books,South,Debit Card,5.0,192.0,7.1,1.6,2023-11-21 10:00:00,891.84,November,Tuesday,46-60
ORD0460,50.0,Clothing,West,UPI,13.0,40.65,24.9,1.7,2023-11-22 03:00:00,396.87,November,Wednesday,46-60
ORD0461,25.0,Books,North,Cash,9.0,402.67,16.3,1.4,2023-11-22 20:00:00,3033.31,November,Wednesday,18-25
ORD0462,45.0,Books,South,UPI,11.0,385.63,5.0,3.6,2023-11-23 13:00:00,4029.83,November,Thursday,36-45
ORD0463,61.0,Groceries,West,Credit Card,4.0,369.47,17.5,1.5,2023-11-24 06:00:00,1219.25,November,Friday,60+
ORD0464,22.0,Books,North,UPI,2.0,156.73,30.0,1.5,2023-11-24 23:00:00,219.42,November,Friday,18-25
ORD0465,56.0,Electronics,South,Debit Card,13.0,95.01,4.5,4.4,2023-11-25 16:00:00,1179.55,November,Saturday,46-60
ORD0466,21.0,Groceries,South,Credit Card,6.0,322.4,24.5,2.4,2023-11-26 09:00:00,1460.47,November,Sunday,18-25
ORD0467,23.0,Electronics,North,Debit Card,14.0,253.12,6.2,1.1,2023-11-27 02:00:00,3323.97,November,Monday,18-25
ORD0468,62.0,Clothing,North,Debit Card,4.0,97.34,23.5,1.2,2023-11-27 19:00:00,297.86,November,Monday,60+
ORD0469,49.0,Groceries,North,Credit Card,6.0,346.1,22.0,1.6,2023-11-28 12:00:00,1619.75,November,Tuesday,46-60
ORD0470,69.0,Clothing,South,Debit Card,3.0,495.65,9.0,1.9,2023-11-29 05:00:00,1353.12,November,Wednesday,60+
ORD0471,47.0,Groceries,South,Debit Card,6.0,376.14,9.8,3.7,2023-11-29 22:00:00,2035.67,November,Wednesday,46-60
ORD0472,64.0,Sports,West,UPI,2.0,372.59,23.8,1.6,2023-11-30 15:00:00,567.83,November,Thursday,60+
ORD0473,52.0,Books,East,Cash,2.0,475.65,13.8,1.5,2023-12-01 08:00:00,820.02,December,Friday,46-60
ORD0474,57.0,Sports,North,Debit Card,13.0,109.44,21.9,4.1,2023-12-02 01:00:00,1111.14,December,Saturday,46-60
ORD0475,69.0,Clothing,South,Debit Card,9.0,287.12,4.4,3.7,2023-12-02 18:00:00,2470.38,December,Saturday,60+
ORD0476,33.0,Books,South,Debit Card,7.0,490.03,25.6,3.6,2023-12-03 11:00:00,2552.08,December,Sunday,26-35
ORD0477,30.0,Groceries,North,UPI,3.0,90.99,21.3,3.2,2023-12-04 04:00:00,214.83,December,Monday,26-35
ORD0478,67.0,Books,East,Cash,13.0,353.12,27.2,2.2,2023-12-04 21:00:00,3341.93,December,Monday,60+
ORD0479,59.0,Electronics,North,Credit Card,11.0,297.05,4.0,2.9,2023-12-05 14:00:00,3136.85,December,Tuesday,46-60
ORD0480,47.0,Books,East,UPI,1.0,297.37,17.8,3.0,2023-12-06 07:00:00,244.44,December,Wednesday,46-60
ORD0481,36.0,Electronics,South,UPI,8.0,351.86,18.0,2.5,2023-12-07 00:00:00,2308.2,December,Thursday,36-45
ORD0482,34.0,Books,East,Cash,14.0,465.51,10.6,4.6,2023-12-07 17:00:00,5826.32,December,Thursday,26-35
ORD0483,36.0,Electronics,West,Cash,6.0,393.47,13.8,1.1,2023-12-08 10:00:00,2035.03,December,Friday,36-45
ORD0484,45.0,Clothing,South,UPI,7.0,37.51,1.1,4.1,2023-12-09 03:00:00,259.68,December,Saturday,36-45
ORD0485,43.0,Sports,West,Credit Card,9.0,427.84,22.4,1.5,2023-12-09 20:00:00,2988.03,December,Saturday,36-45
ORD0486,54.0,Groceries,North,UPI,5.0,120.52,16.5,4.2,2023-12-10 13:00:00,503.17,December,Sunday,46-60
ORD0487,43.0,Books,North,Cash,1.0,194.69,1.7,3.5,2023-12-11 06:00:00,191.38,December,Monday,36-45
ORD0488,40.0,Sports,North,Credit Card,12.0,236.25,20.4,4.4,2023-12-11 23:00:00,2256.66,December,Monday,36-45
ORD0489,90.5,Groceries,East,Cash,10.0,245.64,14.0,1.4,2023-12-12 16:00:00,2112.5,December,Tuesday,60+
ORD0490,29.0,Groceries,South,Credit Card,7.0,223.24,1.0,3.2,2023-12-13 09:00:00,1547.05,December,Wednesday,26-35
ORD0491,45.0,Electronics,North,Debit Card,5.0,469.3,0.0,2.9,2023-12-14 02:00:00,2346.5,December,Thursday,36-45
ORD0492,45.0,Clothing,North,Cash,3.0,355.95,0.0,3.1,2023-12-14 19:00:00,1067.85,December,Thursday,36-45
ORD0493,64.0,Clothing,South,Cash,12.0,319.27,15.4,3.1,2023-12-15 12:00:00,3241.23,December,Friday,60+
ORD0494,51.0,Sports,North,UPI,13.0,34.42,2.8,3.2,2023-12-16 05:00:00,434.93,December,Saturday,46-60
ORD0495,49.0,Clothing,West,Cash,9.0,452.92,22.6,2.7,2023-12-16 22:00:00,3155.04,December,Saturday,46-60
ORD0496,45.0,Books,South,Cash,1.0,455.6,0.0,3.6,2023-12-17 15:00:00,455.6,December,Sunday,36-45
ORD0497,42.0,Clothing,South,Debit Card,1.0,392.3,9.1,2.9,2023-12-18 08:00:00,356.6,December,Monday,36-45
ORD0498,45.0,Sports,South,Cash,1.0,13.44,14.7,3.2,2023-12-19 01:00:00,11.46,December,Tuesday,36-45
ORD0499,62.0,Clothing,West,Debit Card,3.0,38.07,15.7,4.8,2023-12-19 18:00:00,96.28,December,Tuesday,60+
ORD0500,18.0,Books,South,Debit Card,12.0,757.03,16.9,3.9,2023-12-20 11:00:00,7549.1,December,Wednesday,18-25
ORD0439,29.0,Clothing,West,Debit Card,4.0,120.46,29.8,1.6,2023-11-07 06:00:00,338.25,November,Tuesday,26-35
ORD0417,50.0,Books,West,Debit Card,5.0,380.57,16.8,1.0,2023-10-22 16:00:00,1583.17,October,Sunday,46-60
ORD0303,58.0,Books,South,UPI,6.0,28.63,25.6,4.7,2023-08-02 22:00:00,127.8,August,Wednesday,46-60
